title,number,score,platform,release_date,web_page
Tengami,1,9.7,Wii U,"November 13, 2014",https://www.metacritic.com/game/wii-u/tengami
Rochard,2,9.7,PlayStation 3,"September 27, 2011",https://www.metacritic.com/game/playstation-3/rochard
Ghost Trick: Phantom Detective,3,9.7,DS,"January 11, 2011",https://www.metacritic.com/game/ds/ghost-trick-phantom-detective
Z.H.P. Unlosing Ranger vs Darkdeath Evilman,4,9.7,PSP,"October 25, 2010",https://www.metacritic.com/game/psp/zhp-unlosing-ranger-vs-darkdeath-evilman
Metal Torrent,5,9.7,DS,"May 24, 2010",https://www.metacritic.com/game/ds/metal-torrent
After Burner Climax,6,9.7,Xbox 360,"April 21, 2010",https://www.metacritic.com/game/xbox-360/after-burner-climax
GrimGrimoire,7,9.7,PlayStation 2,"June 26, 2007",https://www.metacritic.com/game/playstation-2/grimgrimoire
Superliminal,8,9.6,Xbox One,"July 7, 2020",https://www.metacritic.com/game/xbox-one/superliminal
Superliminal,9,9.6,Switch,"July 7, 2020",https://www.metacritic.com/game/switch/superliminal
Crystar,10,9.6,PlayStation 4,"August 27, 2019",https://www.metacritic.com/game/playstation-4/crystar
Diaries of a Spaceport Janitor,11,9.6,PC,"September 16, 2016",https://www.metacritic.com/game/pc/diaries-of-a-spaceport-janitor
The Witcher 3: Wild Hunt,12,9.4,PC,"May 18, 2015",https://www.metacritic.com/game/pc/the-witcher-3-wild-hunt
Astro's Playroom,13,9.3,PlayStation 5,"November 12, 2020",https://www.metacritic.com/game/playstation-5/astros-playroom
The Witcher 3: Wild Hunt - Blood and Wine,14,9.3,PC,"May 30, 2016",https://www.metacritic.com/game/pc/the-witcher-3-wild-hunt---blood-and-wine
The Orange Box,15,9.3,PC,"October 10, 2007",https://www.metacritic.com/game/pc/the-orange-box
Tales of Arise,16,9.2,PlayStation 5,"September 10, 2021",https://www.metacritic.com/game/playstation-5/tales-of-arise
It Takes Two,17,9.2,PlayStation 5,"March 26, 2021",https://www.metacritic.com/game/playstation-5/it-takes-two
Half-Life: Alyx,18,9.2,PC,"March 23, 2020",https://www.metacritic.com/game/pc/half-life-alyx
God of War,19,9.2,PlayStation 4,"April 20, 2018",https://www.metacritic.com/game/playstation-4/god-of-war
The Witcher 3: Wild Hunt,20,9.2,PlayStation 4,"May 19, 2015",https://www.metacritic.com/game/playstation-4/the-witcher-3-wild-hunt
The Witcher 3: Wild Hunt,21,9.2,Xbox One,"May 19, 2015",https://www.metacritic.com/game/xbox-one/the-witcher-3-wild-hunt
The Last of Us Remastered,22,9.2,PlayStation 4,"July 29, 2014",https://www.metacritic.com/game/playstation-4/the-last-of-us-remastered
The Last of Us,23,9.2,PlayStation 3,"June 14, 2013",https://www.metacritic.com/game/playstation-3/the-last-of-us
Vanquish,24,9.2,Xbox 360,"October 19, 2010",https://www.metacritic.com/game/xbox-360/vanquish
Pokemon SoulSilver Version,25,9.2,DS,"March 14, 2010",https://www.metacritic.com/game/ds/pokemon-soulsilver-version
Half-Life 2: Episode Two,26,9.2,PC,"October 10, 2007",https://www.metacritic.com/game/pc/half-life-2-episode-two
Portal,27,9.2,PC,"October 10, 2007",https://www.metacritic.com/game/pc/portal
Resident Evil 4,28,9.2,GameCube,"January 11, 2005",https://www.metacritic.com/game/gamecube/resident-evil-4
Half-Life 2,29,9.2,PC,"November 16, 2004",https://www.metacritic.com/game/pc/half-life-2
Warcraft III: The Frozen Throne,30,9.2,PC,"July 1, 2003",https://www.metacritic.com/game/pc/warcraft-iii-the-frozen-throne
Mafia,31,9.2,PC,"August 27, 2002",https://www.metacritic.com/game/pc/mafia
Warcraft III: Reign of Chaos,32,9.2,PC,"July 3, 2002",https://www.metacritic.com/game/pc/warcraft-iii-reign-of-chaos
Resident Evil (2002),33,9.2,GameCube,"April 30, 2002",https://www.metacritic.com/game/gamecube/resident-evil-2002
Silent Hill 2,34,9.2,PlayStation 2,"September 24, 2001",https://www.metacritic.com/game/playstation-2/silent-hill-2
Resident Evil 2,35,9.2,Dreamcast,"December 6, 2000",https://www.metacritic.com/game/dreamcast/resident-evil-2
Counter-Strike,36,9.2,PC,"November 8, 2000",https://www.metacritic.com/game/pc/counter-strike
Deus Ex,37,9.2,PC,"June 23, 2000",https://www.metacritic.com/game/pc/deus-ex
Planescape: Torment,38,9.2,PC,"December 14, 1999",https://www.metacritic.com/game/pc/planescape-torment
Suikoden II,39,9.2,PlayStation,"August 31, 1999",https://www.metacritic.com/game/playstation/suikoden-ii
Fallout 2,40,9.2,PC,"October 29, 1998",https://www.metacritic.com/game/pc/fallout-2
Metal Gear Solid,41,9.2,PlayStation,"October 21, 1998",https://www.metacritic.com/game/playstation/metal-gear-solid
Xenogears,42,9.2,PlayStation,"October 20, 1998",https://www.metacritic.com/game/playstation/xenogears
Resident Evil 2,43,9.2,PlayStation,"January 21, 1998",https://www.metacritic.com/game/playstation/resident-evil-2
Castlevania: Symphony of the Night,44,9.2,PlayStation,"October 2, 1997",https://www.metacritic.com/game/playstation/castlevania-symphony-of-the-night
Dodgeball Academia,45,9.1,Switch,"August 5, 2021",https://www.metacritic.com/game/switch/dodgeball-academia
It Takes Two,46,9.1,PlayStation 4,"March 26, 2021",https://www.metacritic.com/game/playstation-4/it-takes-two
13 Sentinels: Aegis Rim,47,9.1,PlayStation 4,"September 22, 2020",https://www.metacritic.com/game/playstation-4/13-sentinels-aegis-rim
Factorio,48,9.1,PC,"August 14, 2020",https://www.metacritic.com/game/pc/factorio
Ghost of Tsushima,49,9.1,PlayStation 4,"July 17, 2020",https://www.metacritic.com/game/playstation-4/ghost-of-tsushima
Final Fantasy XIV: Shadowbringers,50,9.1,PC,"July 2, 2019",https://www.metacritic.com/game/pc/final-fantasy-xiv-shadowbringers
The Witcher 3: Wild Hunt - Blood and Wine,51,9.1,PlayStation 4,"May 30, 2016",https://www.metacritic.com/game/playstation-4/the-witcher-3-wild-hunt---blood-and-wine
Xenoblade Chronicles X,52,9.1,Wii U,"December 4, 2015",https://www.metacritic.com/game/wii-u/xenoblade-chronicles-x
The Witcher 3: Wild Hunt - Hearts of Stone,53,9.1,PC,"October 13, 2015",https://www.metacritic.com/game/pc/the-witcher-3-wild-hunt---hearts-of-stone
Xenoblade Chronicles,54,9.1,Wii,"April 6, 2012",https://www.metacritic.com/game/wii/xenoblade-chronicles
Portal 2,55,9.1,PC,"April 18, 2011",https://www.metacritic.com/game/pc/portal-2
Vanquish,56,9.1,PlayStation 3,"October 19, 2010",https://www.metacritic.com/game/playstation-3/vanquish
Super Mario Galaxy 2,57,9.1,Wii,"May 23, 2010",https://www.metacritic.com/game/wii/super-mario-galaxy-2
Pokemon HeartGold Version,58,9.1,DS,"March 14, 2010",https://www.metacritic.com/game/ds/pokemon-heartgold-version
Chrono Trigger,59,9.1,DS,"November 25, 2008",https://www.metacritic.com/game/ds/chrono-trigger
Super Mario Galaxy,60,9.1,Wii,"November 12, 2007",https://www.metacritic.com/game/wii/super-mario-galaxy
Final Fantasy Tactics: The War of the Lions,61,9.1,PSP,"October 9, 2007",https://www.metacritic.com/game/psp/final-fantasy-tactics-the-war-of-the-lions
God Hand,62,9.1,PlayStation 2,"October 10, 2006",https://www.metacritic.com/game/playstation-2/god-hand
Okami,63,9.1,PlayStation 2,"September 19, 2006",https://www.metacritic.com/game/playstation-2/okami
Metal Gear Solid 3: Subsistence,64,9.1,PlayStation 2,"March 14, 2006",https://www.metacritic.com/game/playstation-2/metal-gear-solid-3-subsistence
Devil May Cry 3: Special Edition,65,9.1,PlayStation 2,"January 24, 2006",https://www.metacritic.com/game/playstation-2/devil-may-cry-3-special-edition
Shadow of the Colossus,66,9.1,PlayStation 2,"October 18, 2005",https://www.metacritic.com/game/playstation-2/shadow-of-the-colossus
Tom Clancy's Splinter Cell Chaos Theory,67,9.1,Xbox,"March 28, 2005",https://www.metacritic.com/game/xbox/tom-clancys-splinter-cell-chaos-theory
Devil May Cry 3: Dante's Awakening,68,9.1,PlayStation 2,"March 1, 2005",https://www.metacritic.com/game/playstation-2/devil-may-cry-3-dantes-awakening
Metal Gear Solid 3: Snake Eater,69,9.1,PlayStation 2,"November 17, 2004",https://www.metacritic.com/game/playstation-2/metal-gear-solid-3-snake-eater
Grand Theft Auto: San Andreas,70,9.1,PlayStation 2,"October 26, 2004",https://www.metacritic.com/game/playstation-2/grand-theft-auto-san-andreas
Paper Mario: The Thousand-Year Door,71,9.1,GameCube,"October 11, 2004",https://www.metacritic.com/game/gamecube/paper-mario-the-thousand-year-door
Star Wars: Knights of the Old Republic,72,9.1,Xbox,"July 17, 2003",https://www.metacritic.com/game/xbox/star-wars-knights-of-the-old-republic
Day of Defeat,73,9.1,PC,"May 6, 2003",https://www.metacritic.com/game/pc/day-of-defeat
Metroid Fusion,74,9.1,Game Boy Advance,"November 17, 2002",https://www.metacritic.com/game/game-boy-advance/metroid-fusion
Super Smash Bros. Melee,75,9.1,GameCube,"December 2, 2001",https://www.metacritic.com/game/gamecube/super-smash-bros-melee
Shenmue II,76,9.1,Dreamcast,"November 23, 2001",https://www.metacritic.com/game/dreamcast/shenmue-ii
Max Payne,77,9.1,PC,"July 23, 2001",https://www.metacritic.com/game/pc/max-payne
Diablo II: Lord of Destruction,78,9.1,PC,"June 27, 2001",https://www.metacritic.com/game/pc/diablo-ii-lord-of-destruction
The Legend of Zelda: Majora's Mask,79,9.1,Nintendo 64,"October 25, 2000",https://www.metacritic.com/game/nintendo-64/the-legend-of-zelda-majoras-mask
Baldur's Gate II: Shadows of Amn,80,9.1,PC,"September 24, 2000",https://www.metacritic.com/game/pc/baldurs-gate-ii-shadows-of-amn
Age of Empires II: The Conquerors Expansion,81,9.1,PC,"August 24, 2000",https://www.metacritic.com/game/pc/age-of-empires-ii-the-conquerors-expansion
System Shock 2,82,9.1,PC,"August 11, 1999",https://www.metacritic.com/game/pc/system-shock-2
The Legend of Zelda: Ocarina of Time,83,9.1,Nintendo 64,"November 23, 1998",https://www.metacritic.com/game/nintendo-64/the-legend-of-zelda-ocarina-of-time
Half-Life,84,9.1,PC,"November 19, 1998",https://www.metacritic.com/game/pc/half-life
Grim Fandango,85,9.1,PC,"October 14, 1998",https://www.metacritic.com/game/pc/grim-fandango
Banjo-Kazooie,86,9.1,Nintendo 64,"May 31, 1998",https://www.metacritic.com/game/nintendo-64/banjo-kazooie
Tekken 3,87,9.1,PlayStation,"April 29, 1998",https://www.metacritic.com/game/playstation/tekken-3
Starcraft,88,9.1,PC,"March 31, 1998",https://www.metacritic.com/game/pc/starcraft
Final Fantasy Tactics,89,9.1,PlayStation,"January 28, 1998",https://www.metacritic.com/game/playstation/final-fantasy-tactics
Riven: The Sequel to Myst,90,9.1,PC,"October 31, 1997",https://www.metacritic.com/game/pc/riven-the-sequel-to-myst
Final Fantasy VII,91,9.1,PlayStation,"September 3, 1997",https://www.metacritic.com/game/playstation/final-fantasy-vii
Super Mario 64,92,9.1,Nintendo 64,"September 26, 1996",https://www.metacritic.com/game/nintendo-64/super-mario-64
Resident Evil,93,9.1,PlayStation,"March 30, 1996",https://www.metacritic.com/game/playstation/resident-evil
Lost Judgment,94,9.0,PlayStation 5,"September 24, 2021",https://www.metacritic.com/game/playstation-5/lost-judgment
It Takes Two,95,9.0,PC,"March 26, 2021",https://www.metacritic.com/game/pc/it-takes-two
Monster Hunter Rise,96,9.0,Switch,"March 26, 2021",https://www.metacritic.com/game/switch/monster-hunter-rise
Hades,97,9.0,Switch,"September 17, 2020",https://www.metacritic.com/game/switch/hades
SpongeBob SquarePants: Battle for Bikini Bottom - Rehydrated,98,9.0,PlayStation 4,"June 23, 2020",https://www.metacritic.com/game/playstation-4/spongebob-squarepants-battle-for-bikini-bottom---rehydrated
Xenoblade Chronicles: Definitive Edition,99,9.0,Switch,"May 29, 2020",https://www.metacritic.com/game/switch/xenoblade-chronicles-definitive-edition
DOOM Eternal,100,9.0,Xbox One,"March 19, 2020",https://www.metacritic.com/game/xbox-one/doom-eternal
Astral Chain,101,9.0,Switch,"August 30, 2019",https://www.metacritic.com/game/switch/astral-chain
Resident Evil 2,102,9.0,PC,"January 25, 2019",https://www.metacritic.com/game/pc/resident-evil-2
NieR: Automata - Become as Gods Edition,103,9.0,Xbox One,"June 26, 2018",https://www.metacritic.com/game/xbox-one/nier-automata---become-as-gods-edition
Hollow Knight,104,9.0,Switch,"June 12, 2018",https://www.metacritic.com/game/switch/hollow-knight
The Evil Within 2,105,9.0,Xbox One,"October 13, 2017",https://www.metacritic.com/game/xbox-one/the-evil-within-2
Hollow Knight,106,9.0,PC,"February 24, 2017",https://www.metacritic.com/game/pc/hollow-knight
The Witcher 3: Wild Hunt - Hearts of Stone,107,9.0,PlayStation 4,"October 12, 2015",https://www.metacritic.com/game/playstation-4/the-witcher-3-wild-hunt---hearts-of-stone
The Legend of Zelda: A Link Between Worlds,108,9.0,3DS,"November 22, 2013",https://www.metacritic.com/game/3ds/the-legend-of-zelda-a-link-between-worlds
The Legend of Zelda: The Wind Waker HD,109,9.0,Wii U,"September 20, 2013",https://www.metacritic.com/game/wii-u/the-legend-of-zelda-the-wind-waker-hd
Fire Emblem: Awakening,110,9.0,3DS,"February 4, 2013",https://www.metacritic.com/game/3ds/fire-emblem-awakening
Okami HD,111,9.0,PlayStation 3,"October 30, 2012",https://www.metacritic.com/game/playstation-3/okami-hd
The Legend of Zelda: Ocarina of Time 3D,112,9.0,3DS,"June 19, 2011",https://www.metacritic.com/game/3ds/the-legend-of-zelda-ocarina-of-time-3d
Red Dead Redemption,113,9.0,Xbox 360,"May 18, 2010",https://www.metacritic.com/game/xbox-360/red-dead-redemption
Pokemon Mystery Dungeon: Explorers of Sky,114,9.0,DS,"October 12, 2009",https://www.metacritic.com/game/ds/pokemon-mystery-dungeon-explorers-of-sky
Metroid Prime Trilogy,115,9.0,Wii,"August 24, 2009",https://www.metacritic.com/game/wii/metroid-prime-trilogy
Left 4 Dead,116,9.0,PC,"November 17, 2008",https://www.metacritic.com/game/pc/left-4-dead
Dragon Ball Z: Budokai Tenkaichi 3,117,9.0,PlayStation 2,"November 13, 2007",https://www.metacritic.com/game/playstation-2/dragon-ball-z-budokai-tenkaichi-3
Phoenix Wright: Ace Attorney - Trials and Tribulations,118,9.0,DS,"October 23, 2007",https://www.metacritic.com/game/ds/phoenix-wright-ace-attorney---trials-and-tribulations
Team Fortress 2,119,9.0,PC,"October 10, 2007",https://www.metacritic.com/game/pc/team-fortress-2
The Orange Box,120,9.0,Xbox 360,"October 10, 2007",https://www.metacritic.com/game/xbox-360/the-orange-box
God of War II,121,9.0,PlayStation 2,"March 13, 2007",https://www.metacritic.com/game/playstation-2/god-of-war-ii
The Legend of Zelda: Twilight Princess,122,9.0,Wii,"November 19, 2006",https://www.metacritic.com/game/wii/the-legend-of-zelda-twilight-princess
Medieval II: Total War,123,9.0,PC,"November 13, 2006",https://www.metacritic.com/game/pc/medieval-ii-total-war
Kingdom Hearts II,124,9.0,PlayStation 2,"March 28, 2006",https://www.metacritic.com/game/playstation-2/kingdom-hearts-ii
Star Wars: Battlefront II (2005),125,9.0,PlayStation 2,"November 1, 2005",https://www.metacritic.com/game/playstation-2/star-wars-battlefront-ii-2005
Resident Evil 4,126,9.0,PlayStation 2,"October 25, 2005",https://www.metacritic.com/game/playstation-2/resident-evil-4
Phoenix Wright: Ace Attorney,127,9.0,DS,"October 12, 2005",https://www.metacritic.com/game/ds/phoenix-wright-ace-attorney
Day of Defeat: Source,128,9.0,PC,"September 26, 2005",https://www.metacritic.com/game/pc/day-of-defeat-source
Ratchet & Clank: Up Your Arsenal,129,9.0,PlayStation 2,"November 3, 2004",https://www.metacritic.com/game/playstation-2/ratchet-clank-up-your-arsenal
Rome: Total War,130,9.0,PC,"September 22, 2004",https://www.metacritic.com/game/pc/rome-total-war
Sly 2: Band of Thieves,131,9.0,PlayStation 2,"September 14, 2004",https://www.metacritic.com/game/playstation-2/sly-2-band-of-thieves
Burnout 3: Takedown,132,9.0,PlayStation 2,"September 7, 2004",https://www.metacritic.com/game/playstation-2/burnout-3-takedown
Pikmin 2,133,9.0,GameCube,"August 30, 2004",https://www.metacritic.com/game/gamecube/pikmin-2
Tales of Symphonia,134,9.0,GameCube,"July 13, 2004",https://www.metacritic.com/game/gamecube/tales-of-symphonia
Star Wars: Knights of the Old Republic,135,9.0,PC,"November 18, 2003",https://www.metacritic.com/game/pc/star-wars-knights-of-the-old-republic
Fire Emblem,136,9.0,Game Boy Advance,"November 3, 2003",https://www.metacritic.com/game/game-boy-advance/fire-emblem
Gothic II,137,9.0,PC,"October 28, 2003",https://www.metacritic.com/game/pc/gothic-ii
Final Fantasy Tactics Advance,138,9.0,Game Boy Advance,"September 8, 2003",https://www.metacritic.com/game/game-boy-advance/final-fantasy-tactics-advance
Dynasty Warriors 4,139,9.0,PlayStation 2,"March 25, 2003",https://www.metacritic.com/game/playstation-2/dynasty-warriors-4
The Legend of Zelda: The Wind Waker,140,9.0,GameCube,"March 24, 2003",https://www.metacritic.com/game/gamecube/the-legend-of-zelda-the-wind-waker
The Legend of Zelda: A Link to the Past,141,9.0,Game Boy Advance,"December 3, 2002",https://www.metacritic.com/game/game-boy-advance/the-legend-of-zelda-a-link-to-the-past
Super Mario World: Super Mario Advance 2,142,9.0,Game Boy Advance,"February 9, 2002",https://www.metacritic.com/game/game-boy-advance/super-mario-world-super-mario-advance-2
NFL 2K2,143,9.0,Xbox,"January 9, 2002",https://www.metacritic.com/game/xbox/nfl-2k2
Golden Sun,144,9.0,Game Boy Advance,"November 11, 2001",https://www.metacritic.com/game/game-boy-advance/golden-sun
Paper Mario,145,9.0,Nintendo 64,"February 5, 2001",https://www.metacritic.com/game/nintendo-64/paper-mario
Xtreme Sports,146,9.0,Dreamcast,"November 27, 2000",https://www.metacritic.com/game/dreamcast/xtreme-sports
Resident Evil 3: Nemesis,147,9.0,Dreamcast,"November 17, 2000",https://www.metacritic.com/game/dreamcast/resident-evil-3-nemesis
Final Fantasy IX,148,9.0,PlayStation,"November 13, 2000",https://www.metacritic.com/game/playstation/final-fantasy-ix
F1 Championship Season 2000,149,9.0,PlayStation,"September 30, 2000",https://www.metacritic.com/game/playstation/f1-championship-season-2000
Vagrant Story,150,9.0,PlayStation,"May 15, 2000",https://www.metacritic.com/game/playstation/vagrant-story
Gran Turismo 2,151,9.0,PlayStation,"November 30, 1999",https://www.metacritic.com/game/playstation/gran-turismo-2
Unreal Tournament (1999),152,9.0,PC,"November 30, 1999",https://www.metacritic.com/game/pc/unreal-tournament-1999
Age of Empires II: The Age of Kings,153,9.0,PC,"September 30, 1999",https://www.metacritic.com/game/pc/age-of-empires-ii-the-age-of-kings
Crash Team Racing,154,9.0,PlayStation,"September 30, 1999",https://www.metacritic.com/game/playstation/crash-team-racing
Legacy of Kain: Soul Reaver,155,9.0,PlayStation,"August 16, 1999",https://www.metacritic.com/game/playstation/legacy-of-kain-soul-reaver
Thief: The Dark Project,156,9.0,PC,"November 30, 1998",https://www.metacritic.com/game/pc/thief-the-dark-project
Crash Bandicoot 3: Warped,157,9.0,PlayStation,"October 31, 1998",https://www.metacritic.com/game/playstation/crash-bandicoot-3-warped
Parasite Eve,158,9.0,PlayStation,"September 9, 1998",https://www.metacritic.com/game/playstation/parasite-eve
The Curse of Monkey Island,159,9.0,PC,"October 31, 1997",https://www.metacritic.com/game/pc/the-curse-of-monkey-island
GoldenEye 007,160,9.0,Nintendo 64,"August 25, 1997",https://www.metacritic.com/game/nintendo-64/goldeneye-007
Hades,161,8.9,PC,"September 17, 2020",https://www.metacritic.com/game/pc/hades
Persona 4 Golden,162,8.9,PC,"June 13, 2020",https://www.metacritic.com/game/pc/persona-4-golden
DOOM Eternal,163,8.9,PlayStation 4,"March 20, 2020",https://www.metacritic.com/game/playstation-4/doom-eternal
Dragon Quest XI S: Echoes of an Elusive Age - Definitive Edition,164,8.9,Switch,"September 27, 2019",https://www.metacritic.com/game/switch/dragon-quest-xi-s-echoes-of-an-elusive-age---definitive-edition
AI: The Somnium Files,165,8.9,PlayStation 4,"September 17, 2019",https://www.metacritic.com/game/playstation-4/ai-the-somnium-files
Fire Emblem: Three Houses,166,8.9,Switch,"July 26, 2019",https://www.metacritic.com/game/switch/fire-emblem-three-houses
Katana ZERO,167,8.9,PC,"April 18, 2019",https://www.metacritic.com/game/pc/katana-zero
Resident Evil 2,168,8.9,PlayStation 4,"January 25, 2019",https://www.metacritic.com/game/playstation-4/resident-evil-2
RimWorld,169,8.9,PC,"October 17, 2018",https://www.metacritic.com/game/pc/rimworld
Astro Bot: Rescue Mission,170,8.9,PlayStation 4,"October 2, 2018",https://www.metacritic.com/game/playstation-4/astro-bot-rescue-mission
Super Mario Odyssey,171,8.9,Switch,"October 27, 2017",https://www.metacritic.com/game/switch/super-mario-odyssey
Kingdom Hearts HD I.5 + II.5 Remix,172,8.9,PlayStation 4,"March 28, 2017",https://www.metacritic.com/game/playstation-4/kingdom-hearts-hd-i5-+-ii5-remix
NieR: Automata,173,8.9,PlayStation 4,"March 7, 2017",https://www.metacritic.com/game/playstation-4/nier-automata
Dark Souls III,174,8.9,PlayStation 4,"April 12, 2016",https://www.metacritic.com/game/playstation-4/dark-souls-iii
Mario Kart 8 DLC Pack 2,175,8.9,Wii U,"April 23, 2015",https://www.metacritic.com/game/wii-u/mario-kart-8-dlc-pack-2
The Legend of Zelda: Majora's Mask 3D,176,8.9,3DS,"February 13, 2015",https://www.metacritic.com/game/3ds/the-legend-of-zelda-majoras-mask-3d
Kingdom Hearts HD 2.5 ReMIX,177,8.9,PlayStation 3,"December 2, 2014",https://www.metacritic.com/game/playstation-3/kingdom-hearts-hd-25-remix
Super Smash Bros. for Wii U,178,8.9,Wii U,"November 21, 2014",https://www.metacritic.com/game/wii-u/super-smash-bros-for-wii-u
Mario Kart 8 DLC Pack 1,179,8.9,Wii U,"November 13, 2014",https://www.metacritic.com/game/wii-u/mario-kart-8-dlc-pack-1
Bayonetta 2,180,8.9,Wii U,"September 20, 2014",https://www.metacritic.com/game/wii-u/bayonetta-2
Steins;Gate,181,8.9,PC,"March 31, 2014",https://www.metacritic.com/game/pc/steinsgate
Donkey Kong Country: Tropical Freeze,182,8.9,Wii U,"February 21, 2014",https://www.metacritic.com/game/wii-u/donkey-kong-country-tropical-freeze
Super Mario 3D World,183,8.9,Wii U,"November 22, 2013",https://www.metacritic.com/game/wii-u/super-mario-3d-world
Tearaway,184,8.9,PlayStation Vita,"November 22, 2013",https://www.metacritic.com/game/playstation-vita/tearaway
The Wolf Among Us: Episode 1 - Faith,185,8.9,PC,"October 11, 2013",https://www.metacritic.com/game/pc/the-wolf-among-us-episode-1---faith
Black Mesa,186,8.9,PC,"September 14, 2012",https://www.metacritic.com/game/pc/black-mesa
Metal Gear Solid HD Collection,187,8.9,PlayStation 3,"November 8, 2011",https://www.metacritic.com/game/playstation-3/metal-gear-solid-hd-collection
To the Moon,188,8.9,PC,"November 1, 2011",https://www.metacritic.com/game/pc/to-the-moon
Dark Souls,189,8.9,PlayStation 3,"October 4, 2011",https://www.metacritic.com/game/playstation-3/dark-souls
Final Fantasy IV: The Complete Collection,190,8.9,PSP,"April 18, 2011",https://www.metacritic.com/game/psp/final-fantasy-iv-the-complete-collection
Red Dead Redemption,191,8.9,PlayStation 3,"May 18, 2010",https://www.metacritic.com/game/playstation-3/red-dead-redemption
Mount & Blade: Warband,192,8.9,PC,"March 30, 2010",https://www.metacritic.com/game/pc/mount-blade-warband
Mass Effect 2,193,8.9,PC,"January 26, 2010",https://www.metacritic.com/game/pc/mass-effect-2
Mass Effect 2,194,8.9,Xbox 360,"January 26, 2010",https://www.metacritic.com/game/xbox-360/mass-effect-2
The Secret of Monkey Island: Special Edition,195,8.9,PC,"July 15, 2009",https://www.metacritic.com/game/pc/the-secret-of-monkey-island-special-edition
Pokemon Platinum Version,196,8.9,DS,"March 22, 2009",https://www.metacritic.com/game/ds/pokemon-platinum-version
Mega Man 9,197,8.9,Xbox 360,"October 1, 2008",https://www.metacritic.com/game/xbox-360/mega-man-9
Tales of Vesperia,198,8.9,Xbox 360,"August 26, 2008",https://www.metacritic.com/game/xbox-360/tales-of-vesperia
Final Fantasy XII: Revenant Wings,199,8.9,DS,"November 20, 2007",https://www.metacritic.com/game/ds/final-fantasy-xii-revenant-wings
Supreme Commander: Forged Alliance,200,8.9,PC,"November 6, 2007",https://www.metacritic.com/game/pc/supreme-commander-forged-alliance
Resident Evil 4: Wii Edition,201,8.9,Wii,"June 19, 2007",https://www.metacritic.com/game/wii/resident-evil-4-wii-edition
Winning Eleven: Pro Evolution Soccer 2007,202,8.9,PlayStation 2,"February 6, 2007",https://www.metacritic.com/game/playstation-2/winning-eleven-pro-evolution-soccer-2007
The Legend of Zelda: Twilight Princess,203,8.9,GameCube,"December 11, 2006",https://www.metacritic.com/game/gamecube/the-legend-of-zelda-twilight-princess
Bully,204,8.9,PlayStation 2,"October 17, 2006",https://www.metacritic.com/game/playstation-2/bully
Tales of the Abyss,205,8.9,PlayStation 2,"October 10, 2006",https://www.metacritic.com/game/playstation-2/tales-of-the-abyss
"Warhammer 40,000: Dawn of War - Dark Crusade",206,8.9,PC,"October 9, 2006",https://www.metacritic.com/game/pc/warhammer-40000-dawn-of-war---dark-crusade
Valkyrie Profile 2: Silmeria,207,8.9,PlayStation 2,"September 26, 2006",https://www.metacritic.com/game/playstation-2/valkyrie-profile-2-silmeria
Mega Man ZX,208,8.9,DS,"September 12, 2006",https://www.metacritic.com/game/ds/mega-man-zx
Space Rangers 2: Rise of the Dominators,209,8.9,PC,"March 27, 2006",https://www.metacritic.com/game/pc/space-rangers-2-rise-of-the-dominators
Mega Man X Collection,210,8.9,GameCube,"January 10, 2006",https://www.metacritic.com/game/gamecube/mega-man-x-collection
Need for Speed Most Wanted,211,8.9,PlayStation 2,"November 15, 2005",https://www.metacritic.com/game/playstation-2/need-for-speed-most-wanted
Star Wars: Battlefront II (2005),212,8.9,Xbox,"November 1, 2005",https://www.metacritic.com/game/xbox/star-wars-battlefront-ii-2005
Fire Emblem: Path of Radiance,213,8.9,GameCube,"October 17, 2005",https://www.metacritic.com/game/gamecube/fire-emblem-path-of-radiance
Doom 3: Resurrection of Evil,214,8.9,Xbox,"October 5, 2005",https://www.metacritic.com/game/xbox/doom-3-resurrection-of-evil
Sly 3: Honor Among Thieves,215,8.9,PlayStation 2,"September 26, 2005",https://www.metacritic.com/game/playstation-2/sly-3-honor-among-thieves
Mortal Kombat: Shaolin Monks,216,8.9,PlayStation 2,"September 16, 2005",https://www.metacritic.com/game/playstation-2/mortal-kombat-shaolin-monks
Burnout Revenge,217,8.9,PlayStation 2,"September 13, 2005",https://www.metacritic.com/game/playstation-2/burnout-revenge
Grand Theft Auto: San Andreas,218,8.9,PC,"June 7, 2005",https://www.metacritic.com/game/pc/grand-theft-auto-san-andreas
Fire Emblem: The Sacred Stones,219,8.9,Game Boy Advance,"May 23, 2005",https://www.metacritic.com/game/game-boy-advance/fire-emblem-the-sacred-stones
Pokemon Emerald Version,220,8.9,Game Boy Advance,"April 30, 2005",https://www.metacritic.com/game/game-boy-advance/pokemon-emerald-version
God of War,221,8.9,PlayStation 2,"March 22, 2005",https://www.metacritic.com/game/playstation-2/god-of-war
TimeSplitters: Future Perfect,222,8.9,PlayStation 2,"March 21, 2005",https://www.metacritic.com/game/playstation-2/timesplitters-future-perfect
The Legend of Zelda: The Minish Cap,223,8.9,Game Boy Advance,"January 10, 2005",https://www.metacritic.com/game/game-boy-advance/the-legend-of-zelda-the-minish-cap
Vampire: The Masquerade - Bloodlines,224,8.9,PC,"November 16, 2004",https://www.metacritic.com/game/pc/vampire-the-masquerade---bloodlines
Ace Combat 5: The Unsung War,225,8.9,PlayStation 2,"October 25, 2004",https://www.metacritic.com/game/playstation-2/ace-combat-5-the-unsung-war
Counter-Strike: Source,226,8.9,PC,"October 7, 2004",https://www.metacritic.com/game/pc/counter-strike-source
Shadow Hearts: Covenant,227,8.9,PlayStation 2,"September 27, 2004",https://www.metacritic.com/game/playstation-2/shadow-hearts-covenant
Rise of Nations: Thrones & Patriots,228,8.9,PC,"April 27, 2004",https://www.metacritic.com/game/pc/rise-of-nations-thrones-patriots
Metal Gear Solid: The Twin Snakes,229,8.9,GameCube,"March 9, 2004",https://www.metacritic.com/game/gamecube/metal-gear-solid-the-twin-snakes
Final Fantasy Crystal Chronicles,230,8.9,GameCube,"February 9, 2004",https://www.metacritic.com/game/gamecube/final-fantasy-crystal-chronicles
Metroid: Zero Mission,231,8.9,Game Boy Advance,"February 9, 2004",https://www.metacritic.com/game/game-boy-advance/metroid-zero-mission
Mario & Luigi: Superstar Saga,232,8.9,Game Boy Advance,"November 17, 2003",https://www.metacritic.com/game/game-boy-advance/mario-luigi-superstar-saga
The Legend of Zelda Collector's Edition,233,8.9,GameCube,"November 17, 2003",https://www.metacritic.com/game/gamecube/the-legend-of-zelda-collectors-edition
Beyond Good & Evil,234,8.9,PlayStation 2,"November 11, 2003",https://www.metacritic.com/game/playstation-2/beyond-good-evil
Ratchet & Clank: Going Commando,235,8.9,PlayStation 2,"November 11, 2003",https://www.metacritic.com/game/playstation-2/ratchet-clank-going-commando
WWE SmackDown! Here Comes the Pain,236,8.9,PlayStation 2,"October 27, 2003",https://www.metacritic.com/game/playstation-2/wwe-smackdown!-here-comes-the-pain
Super Mario Advance 4: Super Mario Bros. 3,237,8.9,Game Boy Advance,"October 21, 2003",https://www.metacritic.com/game/game-boy-advance/super-mario-advance-4-super-mario-bros-3
Max Payne 2: The Fall of Max Payne,238,8.9,PC,"October 14, 2003",https://www.metacritic.com/game/pc/max-payne-2-the-fall-of-max-payne
SoulCalibur II,239,8.9,GameCube,"August 27, 2003",https://www.metacritic.com/game/gamecube/soulcalibur-ii
Advance Wars 2: Black Hole Rising,240,8.9,Game Boy Advance,"June 24, 2003",https://www.metacritic.com/game/game-boy-advance/advance-wars-2-black-hole-rising
Mega Man Battle Network 3 White,241,8.9,Game Boy Advance,"June 24, 2003",https://www.metacritic.com/game/game-boy-advance/mega-man-battle-network-3-white
Castlevania: Aria of Sorrow,242,8.9,Game Boy Advance,"May 6, 2003",https://www.metacritic.com/game/game-boy-advance/castlevania-aria-of-sorrow
Golden Sun: The Lost Age,243,8.9,Game Boy Advance,"April 14, 2003",https://www.metacritic.com/game/game-boy-advance/golden-sun-the-lost-age
Freelancer,244,8.9,PC,"March 3, 2003",https://www.metacritic.com/game/pc/freelancer
Metal Gear Solid 2: Substance,245,8.9,PlayStation 2,"March 3, 2003",https://www.metacritic.com/game/playstation-2/metal-gear-solid-2-substance
The Legend of Zelda: Ocarina of Time / Master Quest,246,8.9,GameCube,"February 28, 2003",https://www.metacritic.com/game/gamecube/the-legend-of-zelda-ocarina-of-time-master-quest
Seek and Destroy,247,8.9,PlayStation 2,"December 11, 2002",https://www.metacritic.com/game/playstation-2/seek-and-destroy
Silent Hill 2,248,8.9,PC,"December 2, 2002",https://www.metacritic.com/game/pc/silent-hill-2
Age of Mythology,249,8.9,PC,"November 1, 2002",https://www.metacritic.com/game/pc/age-of-mythology
Shenmue II,250,8.9,Xbox,"October 28, 2002",https://www.metacritic.com/game/xbox/shenmue-ii
Suikoden III,251,8.9,PlayStation 2,"October 24, 2002",https://www.metacritic.com/game/playstation-2/suikoden-iii
Yoshi's Island: Super Mario Advance 3,252,8.9,Game Boy Advance,"September 24, 2002",https://www.metacritic.com/game/game-boy-advance/yoshis-island-super-mario-advance-3
Final Fantasy X,253,8.9,PlayStation 2,"December 17, 2001",https://www.metacritic.com/game/playstation-2/final-fantasy-x
Original War,254,8.9,PC,"December 3, 2001",https://www.metacritic.com/game/pc/original-war
Stronghold,255,8.9,PC,"October 21, 2001",https://www.metacritic.com/game/pc/stronghold
Command & Conquer: Red Alert 2 - Yuri's Revenge,256,8.9,PC,"October 10, 2001",https://www.metacritic.com/game/pc/command-conquer-red-alert-2---yuris-revenge
Advance Wars,257,8.9,Game Boy Advance,"September 9, 2001",https://www.metacritic.com/game/game-boy-advance/advance-wars
Final Fantasy Chronicles,258,8.9,PlayStation,"June 29, 2001",https://www.metacritic.com/game/playstation/final-fantasy-chronicles
Unreal Tournament,259,8.9,Dreamcast,"March 13, 2001",https://www.metacritic.com/game/dreamcast/unreal-tournament
Conker's Bad Fur Day,260,8.9,Nintendo 64,"March 4, 2001",https://www.metacritic.com/game/nintendo-64/conkers-bad-fur-day
Mega Man X5,261,8.9,PlayStation,"February 1, 2001",https://www.metacritic.com/game/playstation/mega-man-x5
Skies of Arcadia,262,8.9,Dreamcast,"November 13, 2000",https://www.metacritic.com/game/dreamcast/skies-of-arcadia
Spyro: Year of the Dragon,263,8.9,PlayStation,"October 23, 2000",https://www.metacritic.com/game/playstation/spyro-year-of-the-dragon
Command & Conquer: Red Alert 2,264,8.9,PC,"October 21, 2000",https://www.metacritic.com/game/pc/command-conquer-red-alert-2
Ogre Battle 64,265,8.9,Nintendo 64,"October 7, 2000",https://www.metacritic.com/game/nintendo-64/ogre-battle-64
Metal Gear Solid,266,8.9,PC,"September 24, 2000",https://www.metacritic.com/game/pc/metal-gear-solid
Valkyrie Profile,267,8.9,PlayStation,"August 29, 2000",https://www.metacritic.com/game/playstation/valkyrie-profile
The Legend of Dragoon,268,8.9,PlayStation,"June 11, 2000",https://www.metacritic.com/game/playstation/the-legend-of-dragoon
Thief II: The Metal Age,269,8.9,PC,"March 23, 2000",https://www.metacritic.com/game/pc/thief-ii-the-metal-age
Silent Hill,270,8.9,PlayStation,"January 31, 1999",https://www.metacritic.com/game/playstation/silent-hill
Baldur's Gate,271,8.9,PC,"December 21, 1998",https://www.metacritic.com/game/pc/baldurs-gate
Master of Orion II: Battle at Antares,272,8.9,PC,"October 1, 1996",https://www.metacritic.com/game/pc/master-of-orion-ii-battle-at-antares
Tales of Arise,273,8.8,PlayStation 4,"September 10, 2021",https://www.metacritic.com/game/playstation-4/tales-of-arise
Tales of Arise,274,8.8,Xbox Series X,"September 10, 2021",https://www.metacritic.com/game/xbox-series-x/tales-of-arise
Hoa,275,8.8,PC,"August 24, 2021",https://www.metacritic.com/game/pc/hoa
ALTDEUS: Beyond Chronos,276,8.8,PC,"December 4, 2020",https://www.metacritic.com/game/pc/altdeus-beyond-chronos
Yakuza: Like a Dragon,277,8.8,Xbox One,"November 10, 2020",https://www.metacritic.com/game/xbox-one/yakuza-like-a-dragon
Tony Hawk's Pro Skater 1 + 2,278,8.8,PlayStation 4,"September 4, 2020",https://www.metacritic.com/game/playstation-4/tony-hawks-pro-skater-1-+-2
SpongeBob SquarePants: Battle for Bikini Bottom - Rehydrated,279,8.8,Xbox One,"June 23, 2020",https://www.metacritic.com/game/xbox-one/spongebob-squarepants-battle-for-bikini-bottom---rehydrated
DOOM Eternal,280,8.8,PC,"March 20, 2020",https://www.metacritic.com/game/pc/doom-eternal
Ori and the Will of the Wisps,281,8.8,Xbox One,"March 11, 2020",https://www.metacritic.com/game/xbox-one/ori-and-the-will-of-the-wisps
Age of Empires II: Definitive Edition,282,8.8,PC,"November 14, 2019",https://www.metacritic.com/game/pc/age-of-empires-ii-definitive-edition
AI: The Somnium Files,283,8.8,Switch,"September 17, 2019",https://www.metacritic.com/game/switch/ai-the-somnium-files
Pathologic 2,284,8.8,PC,"May 28, 2019",https://www.metacritic.com/game/pc/pathologic-2
Detroit: Become Human,285,8.8,PlayStation 4,"May 25, 2018",https://www.metacritic.com/game/playstation-4/detroit-become-human
The Evil Within 2,286,8.8,PC,"October 12, 2017",https://www.metacritic.com/game/pc/the-evil-within-2
Divinity: Original Sin II,287,8.8,PC,"September 14, 2017",https://www.metacritic.com/game/pc/divinity-original-sin-ii
Final Fantasy XV: Episode Prompto,288,8.8,PlayStation 4,"June 27, 2017",https://www.metacritic.com/game/playstation-4/final-fantasy-xv-episode-prompto
Vanquish,289,8.8,PC,"May 25, 2017",https://www.metacritic.com/game/pc/vanquish
OneShot,290,8.8,PC,"December 8, 2016",https://www.metacritic.com/game/pc/oneshot
Uncharted 4: A Thief's End,291,8.8,PlayStation 4,"May 10, 2016",https://www.metacritic.com/game/playstation-4/uncharted-4-a-thiefs-end
Final Fantasy IX,292,8.8,PC,"April 14, 2016",https://www.metacritic.com/game/pc/final-fantasy-ix
Dark Souls III,293,8.8,Xbox One,"April 12, 2016",https://www.metacritic.com/game/xbox-one/dark-souls-iii
Stardew Valley,294,8.8,PC,"February 26, 2016",https://www.metacritic.com/game/pc/stardew-valley
Bloodborne: The Old Hunters,295,8.8,PlayStation 4,"November 24, 2015",https://www.metacritic.com/game/playstation-4/bloodborne-the-old-hunters
The Legend of Heroes: Trails in the Sky SC,296,8.8,PC,"October 29, 2015",https://www.metacritic.com/game/pc/the-legend-of-heroes-trails-in-the-sky-sc
Super Mario Maker,297,8.8,Wii U,"September 11, 2015",https://www.metacritic.com/game/wii-u/super-mario-maker
Steins;Gate,298,8.8,PlayStation Vita,"June 5, 2015",https://www.metacritic.com/game/playstation-vita/steinsgate
Xenoblade Chronicles 3D,299,8.8,3DS,"April 10, 2015",https://www.metacritic.com/game/3ds/xenoblade-chronicles-3d
Bloodborne,300,8.8,PlayStation 4,"March 24, 2015",https://www.metacritic.com/game/playstation-4/bloodborne
Cities: Skylines,301,8.8,PC,"March 10, 2015",https://www.metacritic.com/game/pc/cities-skylines
Bayonetta,302,8.8,Wii U,"October 24, 2014",https://www.metacritic.com/game/wii-u/bayonetta
Danganronpa 2: Goodbye Despair,303,8.8,PlayStation Vita,"September 2, 2014",https://www.metacritic.com/game/playstation-vita/danganronpa-2-goodbye-despair
Mario Kart 8,304,8.8,Wii U,"May 30, 2014",https://www.metacritic.com/game/wii-u/mario-kart-8
The Wolf Among Us,305,8.8,PC,"October 11, 2013",https://www.metacritic.com/game/pc/the-wolf-among-us
Killzone: Mercenary,306,8.8,PlayStation Vita,"September 10, 2013",https://www.metacritic.com/game/playstation-vita/killzone-mercenary
Kingdom Hearts HD 1.5 ReMIX,307,8.8,PlayStation 3,"September 10, 2013",https://www.metacritic.com/game/playstation-3/kingdom-hearts-hd-15-remix
Rayman Legends,308,8.8,Wii U,"September 3, 2013",https://www.metacritic.com/game/wii-u/rayman-legends
Crusader Kings II: The Old Gods,309,8.8,PC,"May 28, 2013",https://www.metacritic.com/game/pc/crusader-kings-ii-the-old-gods
The Walking Dead: Episode 5 - No Time Left,310,8.8,PC,"November 21, 2012",https://www.metacritic.com/game/pc/the-walking-dead-episode-5---no-time-left
The Walking Dead: Episode 5 - No Time Left,311,8.8,Xbox 360,"November 21, 2012",https://www.metacritic.com/game/xbox-360/the-walking-dead-episode-5---no-time-left
Zero Escape: Virtue's Last Reward,312,8.8,PlayStation Vita,"October 23, 2012",https://www.metacritic.com/game/playstation-vita/zero-escape-virtues-last-reward
The Walking Dead: A Telltale Games Series,313,8.8,PC,"April 24, 2012",https://www.metacritic.com/game/pc/the-walking-dead-a-telltale-games-series
Journey,314,8.8,PlayStation 3,"March 13, 2012",https://www.metacritic.com/game/playstation-3/journey
Metal Gear Solid HD Collection,315,8.8,Xbox 360,"November 8, 2011",https://www.metacritic.com/game/xbox-360/metal-gear-solid-hd-collection
Batman: Arkham City,316,8.8,PlayStation 3,"October 18, 2011",https://www.metacritic.com/game/playstation-3/batman-arkham-city
Portal 2,317,8.8,Xbox 360,"April 19, 2011",https://www.metacritic.com/game/xbox-360/portal-2
"Nine Hours, Nine Persons, Nine Doors",318,8.8,DS,"November 16, 2010",https://www.metacritic.com/game/ds/nine-hours-nine-persons-nine-doors
The Sly Collection,319,8.8,PlayStation 3,"November 9, 2010",https://www.metacritic.com/game/playstation-3/the-sly-collection
Fallout: New Vegas,320,8.8,PC,"October 19, 2010",https://www.metacritic.com/game/pc/fallout-new-vegas
Monkey Island 2 Special Edition: LeChuck's Revenge,321,8.8,PC,"July 7, 2010",https://www.metacritic.com/game/pc/monkey-island-2-special-edition-lechucks-revenge
Mega Man Zero Collection,322,8.8,DS,"June 8, 2010",https://www.metacritic.com/game/ds/mega-man-zero-collection
Phoenix Wright: Ace Attorney - Trials and Tribulations,323,8.8,Wii,"May 10, 2010",https://www.metacritic.com/game/wii/phoenix-wright-ace-attorney---trials-and-tribulations
Mega Man 10,324,8.8,Xbox 360,"March 31, 2010",https://www.metacritic.com/game/xbox-360/mega-man-10
God of War III,325,8.8,PlayStation 3,"March 16, 2010",https://www.metacritic.com/game/playstation-3/god-of-war-iii
No More Heroes 2: Desperate Struggle,326,8.8,Wii,"January 26, 2010",https://www.metacritic.com/game/wii/no-more-heroes-2-desperate-struggle
Final Fantasy Crystal Chronicles: The Crystal Bearers,327,8.8,Wii,"December 26, 2009",https://www.metacritic.com/game/wii/final-fantasy-crystal-chronicles-the-crystal-bearers
Assassin's Creed II,328,8.8,Xbox 360,"November 17, 2009",https://www.metacritic.com/game/xbox-360/assassins-creed-ii
God of War Collection,329,8.8,PlayStation 3,"November 17, 2009",https://www.metacritic.com/game/playstation-3/god-of-war-collection
Harvest Moon: Animal Parade,330,8.8,Wii,"November 12, 2009",https://www.metacritic.com/game/wii/harvest-moon-animal-parade
Dragon Age: Origins,331,8.8,PC,"November 3, 2009",https://www.metacritic.com/game/pc/dragon-age-origins
Football Manager 2010,332,8.8,PC,"November 3, 2009",https://www.metacritic.com/game/pc/football-manager-2010
Ratchet & Clank Future: A Crack in Time,333,8.8,PlayStation 3,"October 27, 2009",https://www.metacritic.com/game/playstation-3/ratchet-clank-future-a-crack-in-time
WWE SmackDown vs. Raw 2010,334,8.8,DS,"October 20, 2009",https://www.metacritic.com/game/ds/wwe-smackdown-vs-raw-2010
Uncharted 2: Among Thieves,335,8.8,PlayStation 3,"October 13, 2009",https://www.metacritic.com/game/playstation-3/uncharted-2-among-thieves
Mario & Luigi: Bowser's Inside Story,336,8.8,DS,"September 14, 2009",https://www.metacritic.com/game/ds/mario-luigi-bowsers-inside-story
Batman: Arkham Asylum,337,8.8,PlayStation 3,"August 25, 2009",https://www.metacritic.com/game/playstation-3/batman-arkham-asylum
Ice Age: Dawn of the Dinosaurs,338,8.8,Wii,"June 30, 2009",https://www.metacritic.com/game/wii/ice-age-dawn-of-the-dinosaurs
Mega Man Star Force 3: Red Joker,339,8.8,DS,"June 30, 2009",https://www.metacritic.com/game/ds/mega-man-star-force-3-red-joker
Garou: Mark of the Wolves,340,8.8,Xbox 360,"June 24, 2009",https://www.metacritic.com/game/xbox-360/garou-mark-of-the-wolves
Dawn of Discovery,341,8.8,PC,"June 17, 2009",https://www.metacritic.com/game/pc/dawn-of-discovery
Plants vs. Zombies,342,8.8,PC,"May 5, 2009",https://www.metacritic.com/game/pc/plants-vs-zombies
The King of Fighters '98 Ultimate Match,343,8.8,PlayStation 2,"March 3, 2009",https://www.metacritic.com/game/playstation-2/the-king-of-fighters-98-ultimate-match
Mushroom Men: The Spore Wars,344,8.8,Wii,"December 2, 2008",https://www.metacritic.com/game/wii/mushroom-men-the-spore-wars
Valkyria Chronicles,345,8.8,PlayStation 3,"November 4, 2008",https://www.metacritic.com/game/playstation-3/valkyria-chronicles
Dead Space,346,8.8,Xbox 360,"October 13, 2008",https://www.metacritic.com/game/xbox-360/dead-space
Dead Space,347,8.8,PlayStation 3,"October 13, 2008",https://www.metacritic.com/game/playstation-3/dead-space
Kirby Super Star Ultra,348,8.8,DS,"September 22, 2008",https://www.metacritic.com/game/ds/kirby-super-star-ultra
Castle Crashers,349,8.8,Xbox 360,"August 27, 2008",https://www.metacritic.com/game/xbox-360/castle-crashers
MLB Power Pros 2008,350,8.8,Wii,"July 29, 2008",https://www.metacritic.com/game/wii/mlb-power-pros-2008
Final Fantasy Tactics A2: Grimoire of the Rift,351,8.8,DS,"June 24, 2008",https://www.metacritic.com/game/ds/final-fantasy-tactics-a2-grimoire-of-the-rift
Metal Gear Solid 4: Guns of the Patriots,352,8.8,PlayStation 3,"June 12, 2008",https://www.metacritic.com/game/playstation-3/metal-gear-solid-4-guns-of-the-patriots
Okami,353,8.8,Wii,"April 15, 2008",https://www.metacritic.com/game/wii/okami
Super Smash Bros. Brawl,354,8.8,Wii,"March 9, 2008",https://www.metacritic.com/game/wii/super-smash-bros-brawl
Savage 2: A Tortured Soul,355,8.8,PC,"January 16, 2008",https://www.metacritic.com/game/pc/savage-2-a-tortured-soul
Star Trek: Conquest,356,8.8,PlayStation 2,"November 20, 2007",https://www.metacritic.com/game/playstation-2/star-trek-conquest
Bee Movie Game,357,8.8,DS,"October 30, 2007",https://www.metacritic.com/game/ds/bee-movie-game
Mega Man ZX Advent,358,8.8,DS,"October 23, 2007",https://www.metacritic.com/game/ds/mega-man-zx-advent
Ratchet & Clank Future: Tools of Destruction,359,8.8,PlayStation 3,"October 23, 2007",https://www.metacritic.com/game/playstation-3/ratchet-clank-future-tools-of-destruction
RACE 07: Official WTCC Game,360,8.8,PC,"October 9, 2007",https://www.metacritic.com/game/pc/race-07-official-wtcc-game
Medieval II: Total War Kingdoms,361,8.8,PC,"August 28, 2007",https://www.metacritic.com/game/pc/medieval-ii-total-war-kingdoms
Metroid Prime 3: Corruption,362,8.8,Wii,"August 27, 2007",https://www.metacritic.com/game/wii/metroid-prime-3-corruption
Mega Man Star Force: Dragon,363,8.8,DS,"August 7, 2007",https://www.metacritic.com/game/ds/mega-man-star-force-dragon
Mega Man Star Force: Leo,364,8.8,DS,"August 7, 2007",https://www.metacritic.com/game/ds/mega-man-star-force-leo
Raw Danger!,365,8.8,PlayStation 2,"June 19, 2007",https://www.metacritic.com/game/playstation-2/raw-danger!
TrackMania United,366,8.8,PC,"November 17, 2006",https://www.metacritic.com/game/pc/trackmania-united
Bionicle Heroes,367,8.8,PlayStation 2,"November 14, 2006",https://www.metacritic.com/game/playstation-2/bionicle-heroes
Summon Night: Swordcraft Story 2,368,8.8,Game Boy Advance,"October 17, 2006",https://www.metacritic.com/game/game-boy-advance/summon-night-swordcraft-story-2
Samurai Warriors 2,369,8.8,Xbox 360,"September 19, 2006",https://www.metacritic.com/game/xbox-360/samurai-warriors-2
LocoRoco,370,8.8,PSP,"September 5, 2006",https://www.metacritic.com/game/psp/locoroco
Xenosaga Episode III: Also sprach Zarathustra,371,8.8,PlayStation 2,"August 29, 2006",https://www.metacritic.com/game/playstation-2/xenosaga-episode-iii-also-sprach-zarathustra
Mega Man Battle Network 6 Cybeast Falzar,372,8.8,Game Boy Advance,"June 13, 2006",https://www.metacritic.com/game/game-boy-advance/mega-man-battle-network-6-cybeast-falzar
Mega Man Battle Network 6 Cybeast Gregar,373,8.8,Game Boy Advance,"June 13, 2006",https://www.metacritic.com/game/game-boy-advance/mega-man-battle-network-6-cybeast-gregar
Hitman: Blood Money,374,8.8,PC,"May 30, 2006",https://www.metacritic.com/game/pc/hitman-blood-money
Harvest Moon: Magical Melody,375,8.8,GameCube,"March 28, 2006",https://www.metacritic.com/game/gamecube/harvest-moon-magical-melody
Suikoden V,376,8.8,PlayStation 2,"March 21, 2006",https://www.metacritic.com/game/playstation-2/suikoden-v
Midnight Club 3: DUB Edition Remix,377,8.8,PlayStation 2,"March 13, 2006",https://www.metacritic.com/game/playstation-2/midnight-club-3-dub-edition-remix
The Sims 2: Open for Business,378,8.8,PC,"February 28, 2006",https://www.metacritic.com/game/pc/the-sims-2-open-for-business
Fight Night Round 3,379,8.8,Xbox 360,"February 20, 2006",https://www.metacritic.com/game/xbox-360/fight-night-round-3
Drill Dozer,380,8.8,Game Boy Advance,"February 6, 2006",https://www.metacritic.com/game/game-boy-advance/drill-dozer
Mega Man Maverick Hunter X,381,8.8,PSP,"January 31, 2006",https://www.metacritic.com/game/psp/mega-man-maverick-hunter-x
Mega Man X Collection,382,8.8,PlayStation 2,"January 10, 2006",https://www.metacritic.com/game/playstation-2/mega-man-x-collection
Kong: The 8th Wonder of the World,383,8.8,Game Boy Advance,"November 21, 2005",https://www.metacritic.com/game/game-boy-advance/kong-the-8th-wonder-of-the-world
Need for Speed Most Wanted,384,8.8,Xbox,"November 15, 2005",https://www.metacritic.com/game/xbox/need-for-speed-most-wanted
Fatal Frame III: The Tormented,385,8.8,PlayStation 2,"November 8, 2005",https://www.metacritic.com/game/playstation-2/fatal-frame-iii-the-tormented
Gun,386,8.8,PlayStation 2,"November 8, 2005",https://www.metacritic.com/game/playstation-2/gun
Mega Man Battle Network 5: Double Team,387,8.8,DS,"November 1, 2005",https://www.metacritic.com/game/ds/mega-man-battle-network-5-double-team
Ratchet: Deadlocked,388,8.8,PlayStation 2,"October 25, 2005",https://www.metacritic.com/game/playstation-2/ratchet-deadlocked
SOCOM 3: U.S. Navy SEALs,389,8.8,PlayStation 2,"October 11, 2005",https://www.metacritic.com/game/playstation-2/socom-3-us-navy-seals
Tim Burton's The Nightmare Before Christmas: Oogie's Revenge,390,8.8,PlayStation 2,"October 10, 2005",https://www.metacritic.com/game/playstation-2/tim-burtons-the-nightmare-before-christmas-oogies-revenge
Dance Dance Revolution Extreme 2,391,8.8,PlayStation 2,"September 27, 2005",https://www.metacritic.com/game/playstation-2/dance-dance-revolution-extreme-2
Genji: Dawn of the Samurai,392,8.8,PlayStation 2,"September 20, 2005",https://www.metacritic.com/game/playstation-2/genji-dawn-of-the-samurai
Ninja Gaiden Black,393,8.8,Xbox,"September 20, 2005",https://www.metacritic.com/game/xbox/ninja-gaiden-black
We Love Katamari,394,8.8,PlayStation 2,"September 20, 2005",https://www.metacritic.com/game/playstation-2/we-love-katamari
Advance Wars: Dual Strike,395,8.8,DS,"August 22, 2005",https://www.metacritic.com/game/ds/advance-wars-dual-strike
Mobile Suit Gundam: Gundam vs. Zeta Gundam,396,8.8,PlayStation 2,"June 28, 2005",https://www.metacritic.com/game/playstation-2/mobile-suit-gundam-gundam-vs-zeta-gundam
Mega Man Battle Network 5: Team Protoman,397,8.8,Game Boy Advance,"June 21, 2005",https://www.metacritic.com/game/game-boy-advance/mega-man-battle-network-5-team-protoman
Grand Theft Auto: San Andreas,398,8.8,Xbox,"June 7, 2005",https://www.metacritic.com/game/xbox/grand-theft-auto-san-andreas
Knights of Honor,399,8.8,PC,"June 6, 2005",https://www.metacritic.com/game/pc/knights-of-honor
Haunting Ground,400,8.8,PlayStation 2,"May 10, 2005",https://www.metacritic.com/game/playstation-2/haunting-ground
Psychonauts,401,8.8,PC,"April 19, 2005",https://www.metacritic.com/game/pc/psychonauts
Psychonauts,402,8.8,Xbox,"April 19, 2005",https://www.metacritic.com/game/xbox/psychonauts
Midnight Club 3: DUB Edition,403,8.8,PlayStation 2,"April 11, 2005",https://www.metacritic.com/game/playstation-2/midnight-club-3-dub-edition
Obscure,404,8.8,PlayStation 2,"April 6, 2005",https://www.metacritic.com/game/playstation-2/obscure
Fight Night Round 2,405,8.8,PlayStation 2,"February 28, 2005",https://www.metacritic.com/game/playstation-2/fight-night-round-2
Ys: The Ark of Napishtim,406,8.8,PlayStation 2,"February 22, 2005",https://www.metacritic.com/game/playstation-2/ys-the-ark-of-napishtim
Oddworld: Stranger's Wrath,407,8.8,Xbox,"January 25, 2005",https://www.metacritic.com/game/xbox/oddworld-strangers-wrath
NFL Street 2,408,8.8,PlayStation 2,"December 22, 2004",https://www.metacritic.com/game/playstation-2/nfl-street-2
Growlanser Generations,409,8.8,PlayStation 2,"December 7, 2004",https://www.metacritic.com/game/playstation-2/growlanser-generations
Kingdom Hearts: Chain of Memories,410,8.8,Game Boy Advance,"December 7, 2004",https://www.metacritic.com/game/game-boy-advance/kingdom-hearts-chain-of-memories
Mega Man X8,411,8.8,PlayStation 2,"December 7, 2004",https://www.metacritic.com/game/playstation-2/mega-man-x8
Dragon Ball Z: Budokai 3,412,8.8,PlayStation 2,"November 16, 2004",https://www.metacritic.com/game/playstation-2/dragon-ball-z-budokai-3
Metroid Prime 2: Echoes,413,8.8,GameCube,"November 15, 2004",https://www.metacritic.com/game/gamecube/metroid-prime-2-echoes
Dead or Alive Ultimate,414,8.8,Xbox,"October 26, 2004",https://www.metacritic.com/game/xbox/dead-or-alive-ultimate
OutRun2,415,8.8,Xbox,"October 25, 2004",https://www.metacritic.com/game/xbox/outrun2
Otogi 2: Immortal Warriors,416,8.8,Xbox,"October 21, 2004",https://www.metacritic.com/game/xbox/otogi-2-immortal-warriors
Kirby & the Amazing Mirror,417,8.8,Game Boy Advance,"October 18, 2004",https://www.metacritic.com/game/game-boy-advance/kirby-the-amazing-mirror
BloodRayne 2,418,8.8,Xbox,"October 12, 2004",https://www.metacritic.com/game/xbox/bloodrayne-2
Mega Man Zero 3,419,8.8,Game Boy Advance,"October 5, 2004",https://www.metacritic.com/game/game-boy-advance/mega-man-zero-3
Armored Core: Nexus,420,8.8,PlayStation 2,"September 28, 2004",https://www.metacritic.com/game/playstation-2/armored-core-nexus
Katamari Damacy,421,8.8,PlayStation 2,"September 21, 2004",https://www.metacritic.com/game/playstation-2/katamari-damacy
Mega Man X: Command Mission,422,8.8,PlayStation 2,"September 21, 2004",https://www.metacritic.com/game/playstation-2/mega-man-x-command-mission
Monster Hunter,423,8.8,PlayStation 2,"September 21, 2004",https://www.metacritic.com/game/playstation-2/monster-hunter
Def Jam: Fight for NY,424,8.8,PlayStation 2,"September 20, 2004",https://www.metacritic.com/game/playstation-2/def-jam-fight-for-ny
Gradius V,425,8.8,PlayStation 2,"September 14, 2004",https://www.metacritic.com/game/playstation-2/gradius-v
Street Racing Syndicate,426,8.8,PlayStation 2,"August 31, 2004",https://www.metacritic.com/game/playstation-2/street-racing-syndicate
WWE Day of Reckoning,427,8.8,GameCube,"August 30, 2004",https://www.metacritic.com/game/gamecube/wwe-day-of-reckoning
Test Drive: Eve of Destruction,428,8.8,PlayStation 2,"August 25, 2004",https://www.metacritic.com/game/playstation-2/test-drive-eve-of-destruction
Test Drive: Eve of Destruction,429,8.8,Xbox,"August 25, 2004",https://www.metacritic.com/game/xbox/test-drive-eve-of-destruction
NCAA Football 2005,430,8.8,PlayStation 2,"July 15, 2004",https://www.metacritic.com/game/playstation-2/ncaa-football-2005
Way of the Samurai 2,431,8.8,PlayStation 2,"July 7, 2004",https://www.metacritic.com/game/playstation-2/way-of-the-samurai-2
Mega Man Battle Network 4 Red Sun,432,8.8,Game Boy Advance,"June 29, 2004",https://www.metacritic.com/game/game-boy-advance/mega-man-battle-network-4-red-sun
Mario Golf: Advance Tour,433,8.8,Game Boy Advance,"June 22, 2004",https://www.metacritic.com/game/game-boy-advance/mario-golf-advance-tour
Mega Man Anniversary Collection,434,8.8,PlayStation 2,"June 22, 2004",https://www.metacritic.com/game/playstation-2/mega-man-anniversary-collection
Mega Man Anniversary Collection,435,8.8,GameCube,"June 22, 2004",https://www.metacritic.com/game/gamecube/mega-man-anniversary-collection
The Chronicles of Riddick: Escape From Butcher Bay,436,8.8,Xbox,"June 1, 2004",https://www.metacritic.com/game/xbox/the-chronicles-of-riddick-escape-from-butcher-bay
NBA Ballers,437,8.8,PlayStation 2,"April 5, 2004",https://www.metacritic.com/game/playstation-2/nba-ballers
Cy Girls,438,8.8,PlayStation 2,"March 23, 2004",https://www.metacritic.com/game/playstation-2/cy-girls
Unreal Tournament 2004,439,8.8,PC,"March 16, 2004",https://www.metacritic.com/game/pc/unreal-tournament-2004
Ninja Gaiden,440,8.8,Xbox,"March 2, 2004",https://www.metacritic.com/game/xbox/ninja-gaiden
Pitfall: The Lost Expedition,441,8.8,GameCube,"February 18, 2004",https://www.metacritic.com/game/gamecube/pitfall-the-lost-expedition
Rise to Honor,442,8.8,PlayStation 2,"February 17, 2004",https://www.metacritic.com/game/playstation-2/rise-to-honor
NFL Street,443,8.8,PlayStation 2,"January 13, 2004",https://www.metacritic.com/game/playstation-2/nfl-street
NFL Street,444,8.8,Xbox,"January 13, 2004",https://www.metacritic.com/game/xbox/nfl-street
Fatal Frame II: Crimson Butterfly,445,8.8,PlayStation 2,"December 10, 2003",https://www.metacritic.com/game/playstation-2/fatal-frame-ii-crimson-butterfly
Metal Arms: Glitch in the System,446,8.8,PlayStation 2,"November 18, 2003",https://www.metacritic.com/game/playstation-2/metal-arms-glitch-in-the-system
NHL Rivals 2004,447,8.8,Xbox,"November 18, 2003",https://www.metacritic.com/game/xbox/nhl-rivals-2004
Secret Weapons Over Normandy,448,8.8,Xbox,"November 18, 2003",https://www.metacritic.com/game/xbox/secret-weapons-over-normandy
NCAA March Madness 2004,449,8.8,PlayStation 2,"November 17, 2003",https://www.metacritic.com/game/playstation-2/ncaa-march-madness-2004
Legacy of Kain: Defiance,450,8.8,PlayStation 2,"November 11, 2003",https://www.metacritic.com/game/playstation-2/legacy-of-kain-defiance
NBA Live 2004,451,8.8,PC,"November 11, 2003",https://www.metacritic.com/game/pc/nba-live-2004
Sphinx and the Cursed Mummy,452,8.8,Xbox,"November 10, 2003",https://www.metacritic.com/game/xbox/sphinx-and-the-cursed-mummy
Prince of Persia: The Sands of Time,453,8.8,PlayStation 2,"November 6, 2003",https://www.metacritic.com/game/playstation-2/prince-of-persia-the-sands-of-time
SOCOM II: U.S. Navy SEALs,454,8.8,PlayStation 2,"November 4, 2003",https://www.metacritic.com/game/playstation-2/socom-ii-us-navy-seals
Patrician III: Rise of the Hanse,455,8.8,PC,"October 31, 2003",https://www.metacritic.com/game/pc/patrician-iii-rise-of-the-hanse
SpongeBob SquarePants: Battle for Bikini Bottom,456,8.8,PlayStation 2,"October 31, 2003",https://www.metacritic.com/game/playstation-2/spongebob-squarepants-battle-for-bikini-bottom
Crimson Skies: High Road to Revenge,457,8.8,Xbox,"October 21, 2003",https://www.metacritic.com/game/xbox/crimson-skies-high-road-to-revenge
SSX 3,458,8.8,PlayStation 2,"October 20, 2003",https://www.metacritic.com/game/playstation-2/ssx-3
Mega Man Zero 2,459,8.8,Game Boy Advance,"October 14, 2003",https://www.metacritic.com/game/game-boy-advance/mega-man-zero-2
Age of Mythology: The Titans,460,8.8,PC,"September 30, 2003",https://www.metacritic.com/game/pc/age-of-mythology-the-titans
Command & Conquer: Generals - Zero Hour,461,8.8,PC,"September 22, 2003",https://www.metacritic.com/game/pc/command-conquer-generals---zero-hour
The Simpsons: Hit & Run,462,8.8,GameCube,"September 16, 2003",https://www.metacritic.com/game/gamecube/the-simpsons-hit-run
Dynasty Warriors 4,463,8.8,Xbox,"September 5, 2003",https://www.metacritic.com/game/xbox/dynasty-warriors-4
Buffy the Vampire Slayer: Chaos Bleeds,464,8.8,PlayStation 2,"August 27, 2003",https://www.metacritic.com/game/playstation-2/buffy-the-vampire-slayer-chaos-bleeds
NFL Fever 2004,465,8.8,Xbox,"August 27, 2003",https://www.metacritic.com/game/xbox/nfl-fever-2004
SoulCalibur II,466,8.8,Xbox,"August 27, 2003",https://www.metacritic.com/game/xbox/soulcalibur-ii
Emergency Fire Response,467,8.8,PC,"July 30, 2003",https://www.metacritic.com/game/pc/emergency-fire-response
Buffy the Vampire Slayer: Wrath of the Darkhul King,468,8.8,Game Boy Advance,"June 24, 2003",https://www.metacritic.com/game/game-boy-advance/buffy-the-vampire-slayer-wrath-of-the-darkhul-king
Rock 'N Roll Racing,469,8.8,Game Boy Advance,"June 23, 2003",https://www.metacritic.com/game/game-boy-advance/rock-n-roll-racing
Mega Man Network Transmission,470,8.8,GameCube,"June 17, 2003",https://www.metacritic.com/game/gamecube/mega-man-network-transmission
"WarioWare, Inc.: Mega Microgame$!",471,8.8,Game Boy Advance,"May 21, 2003",https://www.metacritic.com/game/game-boy-advance/warioware-inc-mega-microgame!
Rise of Nations,472,8.8,PC,"May 20, 2003",https://www.metacritic.com/game/pc/rise-of-nations
Grand Theft Auto: Vice City,473,8.8,PC,"May 12, 2003",https://www.metacritic.com/game/pc/grand-theft-auto-vice-city
Hamtaro: Ham Ham Heartbreak,474,8.8,Game Boy Advance,"April 8, 2003",https://www.metacritic.com/game/game-boy-advance/hamtaro-ham-ham-heartbreak
Rayman 3: Hoodlum Havoc,475,8.8,Xbox,"March 18, 2003",https://www.metacritic.com/game/xbox/rayman-3-hoodlum-havoc
Mega Man & Bass,476,8.8,Game Boy Advance,"March 10, 2003",https://www.metacritic.com/game/game-boy-advance/mega-man-bass
GT Advance 3: Pro Concept Racing,477,8.8,Game Boy Advance,"February 6, 2003",https://www.metacritic.com/game/game-boy-advance/gt-advance-3-pro-concept-racing
NASCAR: Dirt to Daytona,478,8.8,PlayStation 2,"November 11, 2002",https://www.metacritic.com/game/playstation-2/nascar-dirt-to-daytona
Ratchet & Clank,479,8.8,PlayStation 2,"November 4, 2002",https://www.metacritic.com/game/playstation-2/ratchet-clank
Doom II,480,8.8,Game Boy Advance,"October 28, 2002",https://www.metacritic.com/game/game-boy-advance/doom-ii
Grand Theft Auto: Vice City,481,8.8,PlayStation 2,"October 27, 2002",https://www.metacritic.com/game/playstation-2/grand-theft-auto-vice-city
Stronghold: Crusader,482,8.8,PC,"September 25, 2002",https://www.metacritic.com/game/pc/stronghold-crusader
Dynasty Warriors 3,483,8.8,Xbox,"September 24, 2002",https://www.metacritic.com/game/xbox/dynasty-warriors-3
Tribes Aerial Assault,484,8.8,PlayStation 2,"September 23, 2002",https://www.metacritic.com/game/playstation-2/tribes-aerial-assault
Kingdom Hearts,485,8.8,PlayStation 2,"September 16, 2002",https://www.metacritic.com/game/playstation-2/kingdom-hearts
Animal Crossing,486,8.8,GameCube,"September 15, 2002",https://www.metacritic.com/game/gamecube/animal-crossing
Big Air Freestyle,487,8.8,GameCube,"September 13, 2002",https://www.metacritic.com/game/gamecube/big-air-freestyle
Ty the Tasmanian Tiger,488,8.8,PlayStation 2,"September 10, 2002",https://www.metacritic.com/game/playstation-2/ty-the-tasmanian-tiger
Ty the Tasmanian Tiger,489,8.8,Xbox,"September 10, 2002",https://www.metacritic.com/game/xbox/ty-the-tasmanian-tiger
Mega Man Zero,490,8.8,Game Boy Advance,"September 9, 2002",https://www.metacritic.com/game/game-boy-advance/mega-man-zero
Mobile Suit Gundam: Federation vs. Zeon,491,8.8,PlayStation 2,"September 9, 2002",https://www.metacritic.com/game/playstation-2/mobile-suit-gundam-federation-vs-zeon
NFL Blitz 20-03,492,8.8,PlayStation 2,"August 12, 2002",https://www.metacritic.com/game/playstation-2/nfl-blitz-20-03
Mega Man Battle Network 2,493,8.8,Game Boy Advance,"June 17, 2002",https://www.metacritic.com/game/game-boy-advance/mega-man-battle-network-2
Tactics Ogre: The Knight of Lodis,494,8.8,Game Boy Advance,"May 11, 2002",https://www.metacritic.com/game/game-boy-advance/tactics-ogre-the-knight-of-lodis
The Elder Scrolls III: Morrowind,495,8.8,PC,"May 1, 2002",https://www.metacritic.com/game/pc/the-elder-scrolls-iii-morrowind
Arc the Lad Collection,496,8.8,PlayStation,"April 18, 2002",https://www.metacritic.com/game/playstation/arc-the-lad-collection
Deus Ex: The Conspiracy,497,8.8,PlayStation 2,"March 25, 2002",https://www.metacritic.com/game/playstation-2/deus-ex-the-conspiracy
Mad Maestro!,498,8.8,PlayStation 2,"March 12, 2002",https://www.metacritic.com/game/playstation-2/mad-maestro!
Maximo: Ghosts to Glory,499,8.8,PlayStation 2,"February 11, 2002",https://www.metacritic.com/game/playstation-2/maximo-ghosts-to-glory
Grandia II,500,8.8,PlayStation 2,"January 28, 2002",https://www.metacritic.com/game/playstation-2/grandia-ii
